fieldName,kind,page,status,resolution,sourceStates,controlIds,positiveEvidence,negativeEvidence,validationEvidence,caveat,companionEvidence,officialVerification
"marital_status_other_explain","conditional_textarea","/GenNIV/General/complete/complete_personal.aspx","observed_dom","partial","personal1-marital-other","ctl00_SiteContentPlaceHolder_FormView1_ddlAPP_MARITAL_STATUS; ctl00_SiteContentPlaceHolder_FormView1_tbxOtherMaritalStatus","Other marital status exposed a textarea with tag=textarea and maxLength=4000.","The No/hidden side was not isolated in this fresh point-check delta.","A later empty submission returned a shared-page invalid marital status error; the explanation field was not isolated from the other missing controls.","DOM shape is direct evidence; standalone requiredness remains unresolved in this delta.","","false"
"passport_document_type_explain","conditional_textarea","/GenNIV/General/complete/Passport_Visa_Info.aspx","observed_dom","partial","passport-document-other","ctl00_SiteContentPlaceHolder_FormView1_ddlPPT_TYPE; ctl00_SiteContentPlaceHolder_FormView1_tbxPptOtherExpl","Passport type OTHER exposed Explain as a textarea with maxLength=4000.","The non-OTHER side was not isolated in this fresh point-check delta.","No isolated empty/filled submission result is present in this delta.","DOM shape is direct evidence; standalone requiredness remains unknown here.","","false"
"occupation_other_explain","conditional_textarea","/GenNIV/General/complete/complete_workeducation1.aspx","observed_server_validation","partial","work-occupation-other; work-other-next-response; work-not-employed-server-validation; not-employed-filled-next-accepted","ctl00_SiteContentPlaceHolder_FormView1_ddlPresentOccupation; ctl00_SiteContentPlaceHolder_FormView1_tbxExplainOtherPresentOccupation","The same official textarea control is exposed for OTHER and NOT EMPLOYED branches; the control is textarea/maxLength=4000.","No branch-specific hidden snapshot is used because CEAC reuses the same control ID.","OTHER empty Next returned “Specify Other has not been completed.”; NOT EMPLOYED empty Next returned “Explain has not been completed.” and the filled NOT EMPLOYED flow advanced with no error.","The raw state names do not store applicant text and do not prove the OTHER filled transition; the NOT EMPLOYED required/accepted path is captured.","","false"
"spouse_date_of_birth_day","date_split_control","/GenNIV/General/complete/complete_family2.aspx","observed_server_navigation","direct_with_scope","family-partner-visible; family-spouse-visible; spouse-year-only-date-validation; spouse-full-date-filled-next-accepted","ctl00_SiteContentPlaceHolder_FormView1_ddlDOBDay","Family2 spouse/partner DOM exposes the shared day control; the current point-checks include the spouse year-only and full-date transitions.","No hidden/conditional side was asserted for this date part.","Year-only spouse date reached Work with blank day/month; a later full day/month/year entry also reached Work. Raw values are intentionally omitted.","The generic CEAC IDs are scoped by the Family2 page and state; they are not the Personal1 DOB controls.","","false"
"spouse_date_of_birth_month","date_split_control","/GenNIV/General/complete/complete_family2.aspx","observed_server_navigation","direct_with_scope","family-partner-visible; family-spouse-visible; spouse-year-only-date-validation; spouse-full-date-filled-next-accepted","ctl00_SiteContentPlaceHolder_FormView1_ddlDOBMonth","Family2 spouse/partner DOM exposes the shared month control; the current point-checks include the spouse year-only and full-date transitions.","No hidden/conditional side was asserted for this date part.","Year-only spouse date reached Work with blank day/month; a later full day/month/year entry also reached Work. Raw values are intentionally omitted.","The generic CEAC IDs are scoped by the Family2 page and state; they are not the Personal1 DOB controls.","","false"
"spouse_date_of_birth_year","date_split_control","/GenNIV/General/complete/complete_family2.aspx","observed_server_navigation","direct_with_scope","family-partner-visible; family-spouse-visible; spouse-year-only-date-validation; spouse-full-date-filled-next-accepted","ctl00_SiteContentPlaceHolder_FormView1_tbxDOBYear","Family2 spouse/partner DOM exposes the shared year control; the current point-checks include the spouse year-only and full-date transitions.","No hidden/conditional side was asserted for this date part.","Year-only spouse date reached Work with blank day/month; a later full day/month/year entry also reached Work. Raw values are intentionally omitted.","The generic CEAC IDs are scoped by the Family2 page and state; they are not the Personal1 DOB controls.","","false"
"former_spouse_count","repeat_count_input","/GenNIV/General/complete/complete_family4.aspx","observed_dom_and_validation","direct_with_scope","family-former-spouse-visible; former-spouse-three-duplicate-rejected","ctl00_SiteContentPlaceHolder_FormView1_tbxNumberOfPrevSpouses","Number of Former Spouses is a text input with maxLength=2.","No select options were observed for this control.","Three populated rows were observed; a duplicate identity submission was rejected by CEAC.","The DOM maxlength does not establish the complete server numeric range.","","false"
"former_spouse_how_marriage_ended","repeat_textarea","/GenNIV/General/complete/complete_family4.aspx","observed_dom","partial","family-former-spouse-visible; former-spouse-three-duplicate-rejected","ctl00_SiteContentPlaceHolder_FormView1_DListSpouse_ctl00_tbxHowMarriageEnded","Former spouse row 0 exposes a textarea with maxLength=4000.","No hidden/alternate control was asserted.","No isolated length or requiredness submission was performed for this textarea in the fresh delta.","Repeat row 1/2 controls are present in the three-row state; this row is the stable row-0 representative.","","false"
"former_spouse_duplicate_identity","cross_row_server_validation","/GenNIV/General/complete/complete_family4.aspx","observed_server_validation","direct_with_scope","former-spouse-same-identity-different-marriage-validation; former-spouse-same-name-dob-all-other-details-different; former-spouse-different-given-name-same-surname-dob-accepted","ctl00_SiteContentPlaceHolder_FormView1_tbxNumberOfPrevSpouses; ctl00_SiteContentPlaceHolder_FormView1_DListSpouse_ctl00_tbxSURNAME; ctl00_SiteContentPlaceHolder_FormView1_DListSpouse_ctl00_tbxGIVEN_NAME; ctl00_SiteContentPlaceHolder_FormView1_DListSpouse_ctl01_tbxSURNAME; ctl00_SiteContentPlaceHolder_FormView1_DListSpouse_ctl01_tbxGIVEN_NAME","Rows with a different given name (same surname/DOB) advanced to Work.","Same surname/given name/DOB was rejected as “You cannot enter a duplicate Former Spouse”; changing other details alone still rejected.","The duplicate error appeared in both duplicate test states; the different-given-name state had no errors.","This is a tested CEAC cross-row rule, not a claim that every possible identity combination was exhausted.","","false"
"travel_departure_date","date_split_navigation","/GenNIV/General/complete/complete_travel.aspx","observed_server_navigation","partial","travel-specific-yes; specific-travel-filled-next","ctl00_SiteContentPlaceHolder_FormView1_ddlDEPARTURE_US_DTEDay; ctl00_SiteContentPlaceHolder_FormView1_ddlDEPARTURE_US_DTEMonth; ctl00_SiteContentPlaceHolder_FormView1_tbxDEPARTURE_US_DTEYear","Specific-travel YES exposes day/month/year departure controls.","Specific-travel NO and its hidden controls were not isolated in this point-check record.","After the specific travel details were filled, Next advanced to complete_travelcompanions.aspx.","This proves the observed filled transition; all date validity permutations remain out of scope for this delta.","","false"
"has_communicable_disease_explain","security_explanation_branch","/GenNIV/General/complete/complete_securityandbackground1.aspx","observed_yes_and_next_validation","grouped_partial","security1-disease-yes; security1-empty-explanations-server-validation; security1-filled-next-accepted","ctl00_SiteContentPlaceHolder_FormView1_rblDisease_0; ctl00_SiteContentPlaceHolder_FormView1_rblDisease_1; ctl00_SiteContentPlaceHolder_FormView1_tbxDisease","The Yes branch exposed the official Explain textarea; each of the 27 questions was observed individually.","CEAC fresh point-check delta does not create a separate No/hide snapshot per question; the separate local React harness covered 27/27 UI toggles but is not official-portal evidence.","The empty explanation attempt returned server validation errors for the Part 1 group; TEST DESCRIPTION filled the group and Next advanced to the next security page.","This records DOM/transition evidence only. It is not a claim that every possible security-question combination or final signature path was submitted.","local production React harness: yesShows=true, noHides=true, type=TEXTAREA, max=4000; officialVerification remains false.","false"
"has_physical_mental_disorder_explain","security_explanation_branch","/GenNIV/General/complete/complete_securityandbackground1.aspx","observed_yes_and_next_validation","grouped_partial","security1-disorder-yes; security1-empty-explanations-server-validation; security1-filled-next-accepted","ctl00_SiteContentPlaceHolder_FormView1_rblDisorder_0; ctl00_SiteContentPlaceHolder_FormView1_rblDisorder_1; ctl00_SiteContentPlaceHolder_FormView1_tbxDisorder","The Yes branch exposed the official Explain textarea; each of the 27 questions was observed individually.","CEAC fresh point-check delta does not create a separate No/hide snapshot per question; the separate local React harness covered 27/27 UI toggles but is not official-portal evidence.","The empty explanation attempt returned server validation errors for the Part 1 group; TEST DESCRIPTION filled the group and Next advanced to the next security page.","This records DOM/transition evidence only. It is not a claim that every possible security-question combination or final signature path was submitted.","local production React harness: yesShows=true, noHides=true, type=TEXTAREA, max=4000; officialVerification remains false.","false"
"is_drug_abuser_explain","security_explanation_branch","/GenNIV/General/complete/complete_securityandbackground1.aspx","observed_yes_and_next_validation","grouped_partial","security1-druguser-yes; security1-empty-explanations-server-validation; security1-filled-next-accepted","ctl00_SiteContentPlaceHolder_FormView1_rblDruguser_0; ctl00_SiteContentPlaceHolder_FormView1_rblDruguser_1; ctl00_SiteContentPlaceHolder_FormView1_tbxDruguser","The Yes branch exposed the official Explain textarea; each of the 27 questions was observed individually.","CEAC fresh point-check delta does not create a separate No/hide snapshot per question; the separate local React harness covered 27/27 UI toggles but is not official-portal evidence.","The empty explanation attempt returned server validation errors for the Part 1 group; TEST DESCRIPTION filled the group and Next advanced to the next security page.","This records DOM/transition evidence only. It is not a claim that every possible security-question combination or final signature path was submitted.","local production React harness: yesShows=true, noHides=true, type=TEXTAREA, max=4000; officialVerification remains false.","false"
"has_arrest_conviction_explain","security_explanation_branch","/GenNIV/General/complete/complete_securityandbackground2.aspx","observed_yes_and_next_validation","grouped_partial","Security and Background: Part 2-rblArrested_0; security2-empty-explanations-rejected; security2-filled-next-accepted","ctl00_SiteContentPlaceHolder_FormView1_rblArrested_0; ctl00_SiteContentPlaceHolder_FormView1_rblArrested_1; ctl00_SiteContentPlaceHolder_FormView1_tbxArrested","The Yes branch exposed the official Explain textarea; each of the 27 questions was observed individually.","CEAC fresh point-check delta does not create a separate No/hide snapshot per question; the separate local React harness covered 27/27 UI toggles but is not official-portal evidence.","The empty explanation attempt returned server validation errors for the Part 2 group; TEST DESCRIPTION filled the group and Next advanced to the next security page.","This records DOM/transition evidence only. It is not a claim that every possible security-question combination or final signature path was submitted.","local production React harness: yesShows=true, noHides=true, type=TEXTAREA, max=4000; officialVerification remains false.","false"
"has_violated_controlled_substance_explain","security_explanation_branch","/GenNIV/General/complete/complete_securityandbackground2.aspx","observed_yes_and_next_validation","grouped_partial","Security and Background: Part 2-rblControlledSubstances_0; security2-empty-explanations-rejected; security2-filled-next-accepted","ctl00_SiteContentPlaceHolder_FormView1_rblControlledSubstances_0; ctl00_SiteContentPlaceHolder_FormView1_rblControlledSubstances_1; ctl00_SiteContentPlaceHolder_FormView1_tbxControlledSubstances","The Yes branch exposed the official Explain textarea; each of the 27 questions was observed individually.","CEAC fresh point-check delta does not create a separate No/hide snapshot per question; the separate local React harness covered 27/27 UI toggles but is not official-portal evidence.","The empty explanation attempt returned server validation errors for the Part 2 group; TEST DESCRIPTION filled the group and Next advanced to the next security page.","This records DOM/transition evidence only. It is not a claim that every possible security-question combination or final signature path was submitted.","local production React harness: yesShows=true, noHides=true, type=TEXTAREA, max=4000; officialVerification remains false.","false"
"has_prostitution_explain","security_explanation_branch","/GenNIV/General/complete/complete_securityandbackground2.aspx","observed_yes_and_next_validation","grouped_partial","Security and Background: Part 2-rblProstitution_0; security2-empty-explanations-rejected; security2-filled-next-accepted","ctl00_SiteContentPlaceHolder_FormView1_rblProstitution_0; ctl00_SiteContentPlaceHolder_FormView1_rblProstitution_1; ctl00_SiteContentPlaceHolder_FormView1_tbxProstitution","The Yes branch exposed the official Explain textarea; each of the 27 questions was observed individually.","CEAC fresh point-check delta does not create a separate No/hide snapshot per question; the separate local React harness covered 27/27 UI toggles but is not official-portal evidence.","The empty explanation attempt returned server validation errors for the Part 2 group; TEST DESCRIPTION filled the group and Next advanced to the next security page.","This records DOM/transition evidence only. It is not a claim that every possible security-question combination or final signature path was submitted.","local production React harness: yesShows=true, noHides=true, type=TEXTAREA, max=4000; officialVerification remains false.","false"
"has_money_laundering_explain","security_explanation_branch","/GenNIV/General/complete/complete_securityandbackground2.aspx","observed_yes_and_next_validation","grouped_partial","Security and Background: Part 2-rblMoneyLaundering_0; security2-empty-explanations-rejected; security2-filled-next-accepted","ctl00_SiteContentPlaceHolder_FormView1_rblMoneyLaundering_0; ctl00_SiteContentPlaceHolder_FormView1_rblMoneyLaundering_1; ctl00_SiteContentPlaceHolder_FormView1_tbxMoneyLaundering","The Yes branch exposed the official Explain textarea; each of the 27 questions was observed individually.","CEAC fresh point-check delta does not create a separate No/hide snapshot per question; the separate local React harness covered 27/27 UI toggles but is not official-portal evidence.","The empty explanation attempt returned server validation errors for the Part 2 group; TEST DESCRIPTION filled the group and Next advanced to the next security page.","This records DOM/transition evidence only. It is not a claim that every possible security-question combination or final signature path was submitted.","local production React harness: yesShows=true, noHides=true, type=TEXTAREA, max=4000; officialVerification remains false.","false"
"has_human_trafficking_explain","security_explanation_branch","/GenNIV/General/complete/complete_securityandbackground2.aspx","observed_yes_and_next_validation","grouped_partial","Security and Background: Part 2-rblHumanTrafficking_0; security2-empty-explanations-rejected; security2-filled-next-accepted","ctl00_SiteContentPlaceHolder_FormView1_rblHumanTrafficking_0; ctl00_SiteContentPlaceHolder_FormView1_rblHumanTrafficking_1; ctl00_SiteContentPlaceHolder_FormView1_tbxHumanTrafficking","The Yes branch exposed the official Explain textarea; each of the 27 questions was observed individually.","CEAC fresh point-check delta does not create a separate No/hide snapshot per question; the separate local React harness covered 27/27 UI toggles but is not official-portal evidence.","The empty explanation attempt returned server validation errors for the Part 2 group; TEST DESCRIPTION filled the group and Next advanced to the next security page.","This records DOM/transition evidence only. It is not a claim that every possible security-question combination or final signature path was submitted.","local production React harness: yesShows=true, noHides=true, type=TEXTAREA, max=4000; officialVerification remains false.","false"
"has_aided_human_trafficking_explain","security_explanation_branch","/GenNIV/General/complete/complete_securityandbackground2.aspx","observed_yes_and_next_validation","grouped_partial","Security and Background: Part 2-rblAssistedSevereTrafficking_0; security2-empty-explanations-rejected; security2-filled-next-accepted","ctl00_SiteContentPlaceHolder_FormView1_rblAssistedSevereTrafficking_0; ctl00_SiteContentPlaceHolder_FormView1_rblAssistedSevereTrafficking_1; ctl00_SiteContentPlaceHolder_FormView1_tbxAssistedSevereTrafficking","The Yes branch exposed the official Explain textarea; each of the 27 questions was observed individually.","CEAC fresh point-check delta does not create a separate No/hide snapshot per question; the separate local React harness covered 27/27 UI toggles but is not official-portal evidence.","The empty explanation attempt returned server validation errors for the Part 2 group; TEST DESCRIPTION filled the group and Next advanced to the next security page.","This records DOM/transition evidence only. It is not a claim that every possible security-question combination or final signature path was submitted.","local production React harness: yesShows=true, noHides=true, type=TEXTAREA, max=4000; officialVerification remains false.","false"
"has_trafficking_beneficiary_explain","security_explanation_branch","/GenNIV/General/complete/complete_securityandbackground2.aspx","observed_yes_and_next_validation","grouped_partial","Security and Background: Part 2-rblHumanTraffickingRelated_0; security2-empty-explanations-rejected; security2-filled-next-accepted","ctl00_SiteContentPlaceHolder_FormView1_rblHumanTraffickingRelated_0; ctl00_SiteContentPlaceHolder_FormView1_rblHumanTraffickingRelated_1; ctl00_SiteContentPlaceHolder_FormView1_tbxHumanTraffickingRelated","The Yes branch exposed the official Explain textarea; each of the 27 questions was observed individually.","CEAC fresh point-check delta does not create a separate No/hide snapshot per question; the separate local React harness covered 27/27 UI toggles but is not official-portal evidence.","The empty explanation attempt returned server validation errors for the Part 2 group; TEST DESCRIPTION filled the group and Next advanced to the next security page.","This records DOM/transition evidence only. It is not a claim that every possible security-question combination or final signature path was submitted.","local production React harness: yesShows=true, noHides=true, type=TEXTAREA, max=4000; officialVerification remains false.","false"
"intend_illegal_activity_explain","security_explanation_branch","/GenNIV/General/complete/complete_securityandbackground3.aspx","observed_yes_and_next_validation","grouped_partial","Security and Background: Part 3-rblIllegalActivity_0; security3-empty-explanations-server-validation; security3-filled-next-accepted","ctl00_SiteContentPlaceHolder_FormView1_rblIllegalActivity_0; ctl00_SiteContentPlaceHolder_FormView1_rblIllegalActivity_1; ctl00_SiteContentPlaceHolder_FormView1_tbxIllegalActivity","The Yes branch exposed the official Explain textarea; each of the 27 questions was observed individually.","CEAC fresh point-check delta does not create a separate No/hide snapshot per question; the separate local React harness covered 27/27 UI toggles but is not official-portal evidence.","The empty explanation attempt returned server validation errors for the Part 3 group; TEST DESCRIPTION filled the group and Next advanced to the next security page.","This records DOM/transition evidence only. It is not a claim that every possible security-question combination or final signature path was submitted.","local production React harness: yesShows=true, noHides=true, type=TEXTAREA, max=4000; officialVerification remains false.","false"
"intend_terrorist_activity_explain","security_explanation_branch","/GenNIV/General/complete/complete_securityandbackground3.aspx","observed_yes_and_next_validation","grouped_partial","Security and Background: Part 3-rblTerroristActivity_0; security3-empty-explanations-server-validation; security3-filled-next-accepted","ctl00_SiteContentPlaceHolder_FormView1_rblTerroristActivity_0; ctl00_SiteContentPlaceHolder_FormView1_rblTerroristActivity_1; ctl00_SiteContentPlaceHolder_FormView1_tbxTerroristActivity","The Yes branch exposed the official Explain textarea; each of the 27 questions was observed individually.","CEAC fresh point-check delta does not create a separate No/hide snapshot per question; the separate local React harness covered 27/27 UI toggles but is not official-portal evidence.","The empty explanation attempt returned server validation errors for the Part 3 group; TEST DESCRIPTION filled the group and Next advanced to the next security page.","This records DOM/transition evidence only. It is not a claim that every possible security-question combination or final signature path was submitted.","local production React harness: yesShows=true, noHides=true, type=TEXTAREA, max=4000; officialVerification remains false.","false"
"has_provided_terrorist_support_explain","security_explanation_branch","/GenNIV/General/complete/complete_securityandbackground3.aspx","observed_yes_and_next_validation","grouped_partial","Security and Background: Part 3-rblTerroristSupport_0; security3-empty-explanations-server-validation; security3-filled-next-accepted","ctl00_SiteContentPlaceHolder_FormView1_rblTerroristSupport_0; ctl00_SiteContentPlaceHolder_FormView1_rblTerroristSupport_1; ctl00_SiteContentPlaceHolder_FormView1_tbxTerroristSupport","The Yes branch exposed the official Explain textarea; each of the 27 questions was observed individually.","CEAC fresh point-check delta does not create a separate No/hide snapshot per question; the separate local React harness covered 27/27 UI toggles but is not official-portal evidence.","The empty explanation attempt returned server validation errors for the Part 3 group; TEST DESCRIPTION filled the group and Next advanced to the next security page.","This records DOM/transition evidence only. It is not a claim that every possible security-question combination or final signature path was submitted.","local production React harness: yesShows=true, noHides=true, type=TEXTAREA, max=4000; officialVerification remains false.","false"
"is_terrorist_member_explain","security_explanation_branch","/GenNIV/General/complete/complete_securityandbackground3.aspx","observed_yes_and_next_validation","grouped_partial","Security and Background: Part 3-rblTerroristOrg_0; security3-empty-explanations-server-validation; security3-filled-next-accepted","ctl00_SiteContentPlaceHolder_FormView1_rblTerroristOrg_0; ctl00_SiteContentPlaceHolder_FormView1_rblTerroristOrg_1; ctl00_SiteContentPlaceHolder_FormView1_tbxTerroristOrg","The Yes branch exposed the official Explain textarea; each of the 27 questions was observed individually.","CEAC fresh point-check delta does not create a separate No/hide snapshot per question; the separate local React harness covered 27/27 UI toggles but is not official-portal evidence.","The empty explanation attempt returned server validation errors for the Part 3 group; TEST DESCRIPTION filled the group and Next advanced to the next security page.","This records DOM/transition evidence only. It is not a claim that every possible security-question combination or final signature path was submitted.","local production React harness: yesShows=true, noHides=true, type=TEXTAREA, max=4000; officialVerification remains false.","false"
"is_terrorist_family_explain","security_explanation_branch","/GenNIV/General/complete/complete_securityandbackground3.aspx","observed_yes_and_next_validation","grouped_partial","Security and Background: Part 3-rblTerroristRel_0; security3-empty-explanations-server-validation; security3-filled-next-accepted","ctl00_SiteContentPlaceHolder_FormView1_rblTerroristRel_0; ctl00_SiteContentPlaceHolder_FormView1_rblTerroristRel_1; ctl00_SiteContentPlaceHolder_FormView1_tbxTerroristRel","The Yes branch exposed the official Explain textarea; each of the 27 questions was observed individually.","CEAC fresh point-check delta does not create a separate No/hide snapshot per question; the separate local React harness covered 27/27 UI toggles but is not official-portal evidence.","The empty explanation attempt returned server validation errors for the Part 3 group; TEST DESCRIPTION filled the group and Next advanced to the next security page.","This records DOM/transition evidence only. It is not a claim that every possible security-question combination or final signature path was submitted.","local production React harness: yesShows=true, noHides=true, type=TEXTAREA, max=4000; officialVerification remains false.","false"
"has_genocide_explain","security_explanation_branch","/GenNIV/General/complete/complete_securityandbackground3.aspx","observed_yes_and_next_validation","grouped_partial","Security and Background: Part 3-rblGenocide_0; security3-empty-explanations-server-validation; security3-filled-next-accepted","ctl00_SiteContentPlaceHolder_FormView1_rblGenocide_0; ctl00_SiteContentPlaceHolder_FormView1_rblGenocide_1; ctl00_SiteContentPlaceHolder_FormView1_tbxGenocide","The Yes branch exposed the official Explain textarea; each of the 27 questions was observed individually.","CEAC fresh point-check delta does not create a separate No/hide snapshot per question; the separate local React harness covered 27/27 UI toggles but is not official-portal evidence.","The empty explanation attempt returned server validation errors for the Part 3 group; TEST DESCRIPTION filled the group and Next advanced to the next security page.","This records DOM/transition evidence only. It is not a claim that every possible security-question combination or final signature path was submitted.","local production React harness: yesShows=true, noHides=true, type=TEXTAREA, max=4000; officialVerification remains false.","false"
"has_torture_explain","security_explanation_branch","/GenNIV/General/complete/complete_securityandbackground3.aspx","observed_yes_and_next_validation","grouped_partial","Security and Background: Part 3-rblTorture_0; security3-empty-explanations-server-validation; security3-filled-next-accepted","ctl00_SiteContentPlaceHolder_FormView1_rblTorture_0; ctl00_SiteContentPlaceHolder_FormView1_rblTorture_1; ctl00_SiteContentPlaceHolder_FormView1_tbxTorture","The Yes branch exposed the official Explain textarea; each of the 27 questions was observed individually.","CEAC fresh point-check delta does not create a separate No/hide snapshot per question; the separate local React harness covered 27/27 UI toggles but is not official-portal evidence.","The empty explanation attempt returned server validation errors for the Part 3 group; TEST DESCRIPTION filled the group and Next advanced to the next security page.","This records DOM/transition evidence only. It is not a claim that every possible security-question combination or final signature path was submitted.","local production React harness: yesShows=true, noHides=true, type=TEXTAREA, max=4000; officialVerification remains false.","false"
"has_extrajudicial_killings_explain","security_explanation_branch","/GenNIV/General/complete/complete_securityandbackground3.aspx","observed_yes_and_next_validation","grouped_partial","Security and Background: Part 3-rblExViolence_0; security3-empty-explanations-server-validation; security3-filled-next-accepted","ctl00_SiteContentPlaceHolder_FormView1_rblExViolence_0; ctl00_SiteContentPlaceHolder_FormView1_rblExViolence_1; ctl00_SiteContentPlaceHolder_FormView1_tbxExViolence","The Yes branch exposed the official Explain textarea; each of the 27 questions was observed individually.","CEAC fresh point-check delta does not create a separate No/hide snapshot per question; the separate local React harness covered 27/27 UI toggles but is not official-portal evidence.","The empty explanation attempt returned server validation errors for the Part 3 group; TEST DESCRIPTION filled the group and Next advanced to the next security page.","This records DOM/transition evidence only. It is not a claim that every possible security-question combination or final signature path was submitted.","local production React harness: yesShows=true, noHides=true, type=TEXTAREA, max=4000; officialVerification remains false.","false"
"has_child_soldier_explain","security_explanation_branch","/GenNIV/General/complete/complete_securityandbackground3.aspx","observed_yes_and_next_validation","grouped_partial","Security and Background: Part 3-rblChildSoldier_0; security3-empty-explanations-server-validation; security3-filled-next-accepted","ctl00_SiteContentPlaceHolder_FormView1_rblChildSoldier_0; ctl00_SiteContentPlaceHolder_FormView1_rblChildSoldier_1; ctl00_SiteContentPlaceHolder_FormView1_tbxChildSoldier","The Yes branch exposed the official Explain textarea; each of the 27 questions was observed individually.","CEAC fresh point-check delta does not create a separate No/hide snapshot per question; the separate local React harness covered 27/27 UI toggles but is not official-portal evidence.","The empty explanation attempt returned server validation errors for the Part 3 group; TEST DESCRIPTION filled the group and Next advanced to the next security page.","This records DOM/transition evidence only. It is not a claim that every possible security-question combination or final signature path was submitted.","local production React harness: yesShows=true, noHides=true, type=TEXTAREA, max=4000; officialVerification remains false.","false"
"has_religious_freedom_violation_explain","security_explanation_branch","/GenNIV/General/complete/complete_securityandbackground3.aspx","observed_yes_and_next_validation","grouped_partial","Security and Background: Part 3-rblReligiousFreedom_0; security3-empty-explanations-server-validation; security3-filled-next-accepted","ctl00_SiteContentPlaceHolder_FormView1_rblReligiousFreedom_0; ctl00_SiteContentPlaceHolder_FormView1_rblReligiousFreedom_1; ctl00_SiteContentPlaceHolder_FormView1_tbxReligiousFreedom","The Yes branch exposed the official Explain textarea; each of the 27 questions was observed individually.","CEAC fresh point-check delta does not create a separate No/hide snapshot per question; the separate local React harness covered 27/27 UI toggles but is not official-portal evidence.","The empty explanation attempt returned server validation errors for the Part 3 group; TEST DESCRIPTION filled the group and Next advanced to the next security page.","This records DOM/transition evidence only. It is not a claim that every possible security-question combination or final signature path was submitted.","local production React harness: yesShows=true, noHides=true, type=TEXTAREA, max=4000; officialVerification remains false.","false"
"has_population_control_explain","security_explanation_branch","/GenNIV/General/complete/complete_securityandbackground3.aspx","observed_yes_and_next_validation","grouped_partial","Security and Background: Part 3-rblPopulationControls_0; security3-empty-explanations-server-validation; security3-filled-next-accepted","ctl00_SiteContentPlaceHolder_FormView1_rblPopulationControls_0; ctl00_SiteContentPlaceHolder_FormView1_rblPopulationControls_1; ctl00_SiteContentPlaceHolder_FormView1_tbxPopulationControls","The Yes branch exposed the official Explain textarea; each of the 27 questions was observed individually.","CEAC fresh point-check delta does not create a separate No/hide snapshot per question; the separate local React harness covered 27/27 UI toggles but is not official-portal evidence.","The empty explanation attempt returned server validation errors for the Part 3 group; TEST DESCRIPTION filled the group and Next advanced to the next security page.","This records DOM/transition evidence only. It is not a claim that every possible security-question combination or final signature path was submitted.","local production React harness: yesShows=true, noHides=true, type=TEXTAREA, max=4000; officialVerification remains false.","false"
"has_coercive_transplant_explain","security_explanation_branch","/GenNIV/General/complete/complete_securityandbackground3.aspx","observed_yes_and_next_validation","grouped_partial","Security and Background: Part 3-rblTransplant_0; security3-empty-explanations-server-validation; security3-filled-next-accepted","ctl00_SiteContentPlaceHolder_FormView1_rblTransplant_0; ctl00_SiteContentPlaceHolder_FormView1_rblTransplant_1; ctl00_SiteContentPlaceHolder_FormView1_tbxTransplant","The Yes branch exposed the official Explain textarea; each of the 27 questions was observed individually.","CEAC fresh point-check delta does not create a separate No/hide snapshot per question; the separate local React harness covered 27/27 UI toggles but is not official-portal evidence.","The empty explanation attempt returned server validation errors for the Part 3 group; TEST DESCRIPTION filled the group and Next advanced to the next security page.","This records DOM/transition evidence only. It is not a claim that every possible security-question combination or final signature path was submitted.","local production React harness: yesShows=true, noHides=true, type=TEXTAREA, max=4000; officialVerification remains false.","false"
"has_immigration_fraud_explain","security_explanation_branch","/GenNIV/General/complete/complete_securityandbackground4.aspx","observed_yes_and_next_validation","grouped_partial","Security and Background: Part 4-rblImmigrationFraud_0; security4-empty-explanations-server-validation; security4-filled-next-accepted","ctl00_SiteContentPlaceHolder_FormView1_rblImmigrationFraud_0; ctl00_SiteContentPlaceHolder_FormView1_rblImmigrationFraud_1; ctl00_SiteContentPlaceHolder_FormView1_tbxImmigrationFraud","The Yes branch exposed the official Explain textarea; each of the 27 questions was observed individually.","CEAC fresh point-check delta does not create a separate No/hide snapshot per question; the separate local React harness covered 27/27 UI toggles but is not official-portal evidence.","The empty explanation attempt returned server validation errors for the Part 4 group; TEST DESCRIPTION filled the group and Next advanced to the next security page.","This records DOM/transition evidence only. It is not a claim that every possible security-question combination or final signature path was submitted.","local production React harness: yesShows=true, noHides=true, type=TEXTAREA, max=4000; officialVerification remains false.","false"
"has_removal_order_explain","security_explanation_branch","/GenNIV/General/complete/complete_securityandbackground4.aspx","observed_yes_and_next_validation","grouped_partial","Security and Background: Part 4-rblDeport_0; security4-empty-explanations-server-validation; security4-filled-next-accepted","ctl00_SiteContentPlaceHolder_FormView1_rblDeport_0; ctl00_SiteContentPlaceHolder_FormView1_rblDeport_1; ctl00_SiteContentPlaceHolder_FormView1_tbxDeport_EXPL","The Yes branch exposed the official Explain textarea; each of the 27 questions was observed individually.","CEAC fresh point-check delta does not create a separate No/hide snapshot per question; the separate local React harness covered 27/27 UI toggles but is not official-portal evidence.","The empty explanation attempt returned server validation errors for the Part 4 group; TEST DESCRIPTION filled the group and Next advanced to the next security page.","This records DOM/transition evidence only. It is not a claim that every possible security-question combination or final signature path was submitted.","local production React harness: yesShows=true, noHides=true, type=TEXTAREA, max=4000; officialVerification remains false.","false"
"has_withheld_child_custody_explain","security_explanation_branch","/GenNIV/General/complete/complete_securityandbackground5.aspx","observed_yes_and_back_validation","grouped_partial","Security and Background: Part 5-rblChildCustody_0; security5-empty-back-validation-attempt; security5-filled-back-accepted","ctl00_SiteContentPlaceHolder_FormView1_rblChildCustody_0; ctl00_SiteContentPlaceHolder_FormView1_rblChildCustody_1; ctl00_SiteContentPlaceHolder_FormView1_tbxChildCustody","The Yes branch exposed the official Explain textarea; each of the 27 questions was observed individually.","CEAC fresh point-check delta does not create a separate No/hide snapshot per question; the separate local React harness covered 27/27 UI toggles but is not official-portal evidence.","The empty explanation attempt returned three server validation errors; TEST DESCRIPTION filled the group and Back accepted. Next to Photo was disabled, so final Part 5 Next is unknown.","This records DOM/transition evidence only. It is not a claim that every possible security-question combination or final signature path was submitted.","local production React harness: yesShows=true, noHides=true, type=TEXTAREA, max=4000; officialVerification remains false.","false"
"has_voted_illegally_explain","security_explanation_branch","/GenNIV/General/complete/complete_securityandbackground5.aspx","observed_yes_and_back_validation","grouped_partial","Security and Background: Part 5-rblVotingViolation_0; security5-empty-back-validation-attempt; security5-filled-back-accepted","ctl00_SiteContentPlaceHolder_FormView1_rblVotingViolation_0; ctl00_SiteContentPlaceHolder_FormView1_rblVotingViolation_1; ctl00_SiteContentPlaceHolder_FormView1_tbxVotingViolation","The Yes branch exposed the official Explain textarea; each of the 27 questions was observed individually.","CEAC fresh point-check delta does not create a separate No/hide snapshot per question; the separate local React harness covered 27/27 UI toggles but is not official-portal evidence.","The empty explanation attempt returned three server validation errors; TEST DESCRIPTION filled the group and Back accepted. Next to Photo was disabled, so final Part 5 Next is unknown.","This records DOM/transition evidence only. It is not a claim that every possible security-question combination or final signature path was submitted.","local production React harness: yesShows=true, noHides=true, type=TEXTAREA, max=4000; officialVerification remains false.","false"
"has_renounced_citizenship_explain","security_explanation_branch","/GenNIV/General/complete/complete_securityandbackground5.aspx","observed_yes_and_back_validation","grouped_partial","Security and Background: Part 5-rblRenounceExp_0; security5-empty-back-validation-attempt; security5-filled-back-accepted","ctl00_SiteContentPlaceHolder_FormView1_rblRenounceExp_0; ctl00_SiteContentPlaceHolder_FormView1_rblRenounceExp_1; ctl00_SiteContentPlaceHolder_FormView1_tbxRenounceExp","The Yes branch exposed the official Explain textarea; each of the 27 questions was observed individually.","CEAC fresh point-check delta does not create a separate No/hide snapshot per question; the separate local React harness covered 27/27 UI toggles but is not official-portal evidence.","The empty explanation attempt returned three server validation errors; TEST DESCRIPTION filled the group and Back accepted. Next to Photo was disabled, so final Part 5 Next is unknown.","This records DOM/transition evidence only. It is not a claim that every possible security-question combination or final signature path was submitted.","local production React harness: yesShows=true, noHides=true, type=TEXTAREA, max=4000; officialVerification remains false.","false"
consular_post,start_location_selector,/GenNIV/default.aspx,observed_dom,direct,start-location-selector,ctl00_SiteContentPlaceHolder_ucLocation_ddlLocation,CEAC start page exposed the consular-post selector with the observed location control and 218 options.,No negative branch was tested in this point check.,No standalone downstream server acceptance test is included.,Public DOM/control observation only; it does not prove every option or server path.,,false
